[  
  {
    "value": "",
    "text": "Ação"
  },
  {
    "value": "01",
    "text": "Ação 01/2022 - Elaboração de testes montagem de provas do Enem",
    "year": "2022"
  },
  {
    "value": "02",
    "text": "Ação 02/2022 - Gerir Banco Nacional de Itens",
    "year": "2022"
  },
  {
    "value": "03",
    "text": "Ação 03/2022 - Gestão da Integridade Pública",
    "year": "2022"
  },
  {
    "value": "03",
    "text": "Ação 03/2022 - Processo de Montagem de testes do Enem",
    "year": "2022"
  },
  {
    "value": "07",
    "text": "Ação 07/2022 - Processo de Concessão e Pagamentos da GECC",
    "year": "2022"
  },
  {
    "value": "08",
    "text": "Ação 08/2022 - Gestão Orçamentária",
    "year": "2022"
  },
  {
    "value": "09",
    "text": "Ação 09/2022 - Licitações e Contratos",
    "year": "2022"
  },
  {
    "value": "04",
    "text": "Ação 04/2023 - Consultoria no Processo de Gestão de Riscos",
    "year": "2023"
  },
  {
    "value": "05",
    "text": "Ação 05/2023 - Processos de Gestão da Contratação de Serviços Especializados de Aplicação do Enem/Desenvolver e Monitorar a Logistica dos Exames e valiação",
    "year": "2023"
  },
  {
    "value": "06",
    "text": "Ação 06/2023 - Auditoria do Processo de Gestão do Banco de Dados de Especialistas",
    "year": "2023"
  },
  {
    "value": "07",
    "text": "Ação 07/2023 - Auditoria do Portifólio de Projetos e Processos",
    "year": "2023"
  } 
]